-- phpMyAdmin SQL Dump
-- version 5.1.1
-- https://www.phpmyadmin.net/
--
-- Hôte : 127.0.0.1:3306
-- Généré le : mer. 26 oct. 2022 à 21:08
-- Version du serveur : 8.0.27
-- Version de PHP : 7.4.26

SET SQL_MODE = "NO_AUTO_VALUE_ON_ZERO";
START TRANSACTION;
SET time_zone = "+00:00";


/*!40101 SET @OLD_CHARACTER_SET_CLIENT=@@CHARACTER_SET_CLIENT */;
/*!40101 SET @OLD_CHARACTER_SET_RESULTS=@@CHARACTER_SET_RESULTS */;
/*!40101 SET @OLD_COLLATION_CONNECTION=@@COLLATION_CONNECTION */;
/*!40101 SET NAMES utf8mb4 */;
--
-- Base de données : `youcodescrumboard`
--
CREATE DATABASE IF NOT EXISTS `youcodescrumboard` DEFAULT CHARACTER SET utf8 COLLATE utf8_general_ci;
USE `youcodescrumboard`;

-- --------------------------------------------------------

--
-- Structure de la table `priorities`
--

DROP TABLE IF EXISTS `priorities`;
CREATE TABLE IF NOT EXISTS `priorities` (
  `id` int NOT NULL AUTO_INCREMENT,
  `name` varchar(255) NOT NULL,
  PRIMARY KEY (`id`)
) ENGINE=InnoDB AUTO_INCREMENT=5 DEFAULT CHARSET=utf8mb3;

--
-- Déchargement des données de la table `priorities`
--

INSERT INTO `priorities` (`id`, `name`) VALUES
(1, 'Low'),
(2, 'Medium'),
(3, 'High'),
(4, 'Critical');

-- --------------------------------------------------------

--
-- Structure de la table `statuses`
--

DROP TABLE IF EXISTS `statuses`;
CREATE TABLE IF NOT EXISTS `statuses` (
  `id` int NOT NULL AUTO_INCREMENT,
  `name` varchar(255) NOT NULL,
  PRIMARY KEY (`id`)
) ENGINE=InnoDB AUTO_INCREMENT=4 DEFAULT CHARSET=utf8mb3;

--
-- Déchargement des données de la table `statuses`
--

INSERT INTO `statuses` (`id`, `name`) VALUES
(1, 'To Do'),
(2, 'In Progress'),
(3, 'Done');

-- --------------------------------------------------------

--
-- Structure de la table `tasks`
--

DROP TABLE IF EXISTS `tasks`;
CREATE TABLE IF NOT EXISTS `tasks` (
  `id` int NOT NULL AUTO_INCREMENT,
  `title` varchar(255) NOT NULL,
  `type_id` int NOT NULL,
  `priority_id` int NOT NULL,
  `status_id` int NOT NULL,
  `task_datetime` date NOT NULL,
  `description` text NOT NULL,
  PRIMARY KEY (`id`),
  KEY `type_id` (`type_id`),
  KEY `priority_id` (`priority_id`),
  KEY `status_id` (`status_id`)
) ENGINE=InnoDB AUTO_INCREMENT=12 DEFAULT CHARSET=utf8mb3;

--
-- Déchargement des données de la table `tasks`
--

INSERT INTO `tasks` (`id`, `title`, `type_id`, `priority_id`, `status_id`, `task_datetime`, `description`) VALUES
(8, 'Keep all the updated requirements in one place', 2, 3, 1, '2022-10-08', 'There is hardly anything more frustrating than having to look for current requirements in tens of comments under the actual description or having to decide which commenter is actually authorized to change the requirements. The goal here is to keep all the up-to-date requirements and details in the main/primary description of a task. Even though the information in comments may affect initial criteria, just update this primary description accordingly.'),
(9, 'Consider creating an acceptance criteria list', 1, 4, 3, '2022-10-28', 'Descriptive requirements are very helpful when it comes to understanding the context of a problem, yet finally it is good to precisely specify what is expected. Thus the developer will not have to look for the actual requirements in a long, descriptive text but he will be able to easily get to the essence. One might find that sometimes — when acceptance criteria are well defined — there is little or no need for any additional information. Example:\r\n      a) User navigates to “/accounts” and clicks on red download CSV button\r\n      b) Popup appears with two buttons: “This year” and “Last year”\r\n      c) If user clicked on “Last year” download is initiated\r\n      d) CSV downloaded includes following columns…'),
(10, 'Provide mockups', 1, 4, 2, '2022-10-27', 'A textual requirements description is essential in most cases, but an image is often worth more than a thousand words. Even a simple mockup can limit misunderstandings by a great factor. There are many apps out there that might be helpful here, like Balsamiq, InVision or Mockingbird, but manipulating screenshots of an existing app also works.'),
(11, 'Provide examples, credentials, etc', 2, 3, 2, '2022-10-29', 'If the expectation is to process or generate some file — attach an example of such a file. If the goal is to integrate what is being developed with some service, ensure your devs have access to this service and its documentation. This list could go on and on — the bottom line is — if there is something that our developer might make use of, try to foresee it and provide them with (access to) it.');

-- --------------------------------------------------------

--
-- Structure de la table `types`
--

DROP TABLE IF EXISTS `types`;
CREATE TABLE IF NOT EXISTS `types` (
  `id` int NOT NULL AUTO_INCREMENT,
  `name` varchar(255) NOT NULL,
  PRIMARY KEY (`id`)
) ENGINE=InnoDB AUTO_INCREMENT=3 DEFAULT CHARSET=utf8mb3;

--
-- Déchargement des données de la table `types`
--

INSERT INTO `types` (`id`, `name`) VALUES
(1, 'Bug'),
(2, 'Feature');

--
-- Contraintes pour les tables déchargées
--

--
-- Contraintes pour la table `tasks`
--
ALTER TABLE `tasks`
  ADD CONSTRAINT `tasks_ibfk_1` FOREIGN KEY (`type_id`) REFERENCES `types` (`id`) ON DELETE CASCADE ON UPDATE CASCADE,
  ADD CONSTRAINT `tasks_ibfk_2` FOREIGN KEY (`status_id`) REFERENCES `statuses` (`id`) ON DELETE CASCADE ON UPDATE CASCADE,
  ADD CONSTRAINT `tasks_ibfk_3` FOREIGN KEY (`priority_id`) REFERENCES `priorities` (`id`) ON DELETE CASCADE ON UPDATE CASCADE;
COMMIT;

/*!40101 SET CHARACTER_SET_CLIENT=@OLD_CHARACTER_SET_CLIENT */;
/*!40101 SET CHARACTER_SET_RESULTS=@OLD_CHARACTER_SET_RESULTS */;
/*!40101 SET COLLATION_CONNECTION=@OLD_COLLATION_CONNECTION */;
